Local Authority (England),University #1,University #2,University #3,University #4,University within local authority,Best ranking (Complete Uni Guide),Best rating (Complete Uni Guide),Sum Loneliness of MSOAs in each LA,Average Loneliness of MSOAs in each LA,Location,Inflow/Outflow 15-19,Inflow/Outflow 20-24,Inflow/Outflow 15-24,2018 Population,Student Migration Score (15-19),Student Migration Score (20-24),Student Migration Score (15-24),Urban/Rural Extended,Urban/Rural,IMD - Average score,Median Age compared to England median
Adur,,,,,FALSE,,0,5.366945625,0.670868203,,483,883,1366,63869,0.756235419,1.38251734,2.13875276,Urban with City and Town,Urban,18.275,5.5
Allerdale,,,,,FALSE,,0,1.949540003,0.162461667,,487,974,1461,97527,0.499348898,0.998697797,1.498046695,Mainly Rural,Rural,22.55,7.7
Amber Valley,,,,,FALSE,,0,-12.39631238,-0.774769524,,799,1682,2481,126678,0.63073304,1.327775936,1.958508976,Urban with Minor Conurbation,Urban,18.116,5.9
Arun,,,,,FALSE,,0,12.77916501,0.672587632,,960,2294,3254,159827,0.600649452,1.43530192,2.035951372,Urban with City and Town,Urban,17.671,9.3
Ashfield,,,,,FALSE,,0,-11.34344578,-0.708965361,,779,1653,2432,127151,0.612657392,1.300029099,1.912686491,Urban with City and Town,Urban,25.416,2.3
Ashford,,,,,FALSE,,0,-6.009693835,-0.429263845,,931,1775,2706,129281,0.720136756,1.372978241,2.093114998,Urban with Significant Rural,Urban,17.333,2.1
Aylesbury Vale,University of Buckingham,,,,TRUE,91,0.44,11.37607994,0.474003331,Rural,1865,3203,5068,199448,0.935080823,1.605932373,2.541013196,Largely Rural,Rural,11.175,0.6
Babergh,,,,,FALSE,,0,4.888560634,0.444414603,,730,1331,2061,91401,0.798678351,1.456220391,2.254898743,Mainly Rural,Rural,15.148,8.3
Barking and Dagenham,,,,,FALSE,,0,5.37616229,0.244371013,,1948,3412,5360,211998,0.918876593,1.609449146,2.528325739,Urban with Major Conurbation,Urban,34.635,-7.7
Barnet,,,,,FALSE,,0,50.20434066,1.224496114,,3353,8958,12311,392140,0.855051767,2.284388229,3.139439996,Urban with Major Conurbation,Urban,17.813,-3
Barnsley,,,,,FALSE,,0,3.870652876,0.129021763,,1093,2479,3572,245199,0.445760382,1.011015542,1.456775925,Urban with Minor Conurbation,Urban,29.568,2.7
Barrow-in-Furness,,,,,FALSE,,0,4.955505455,0.495550546,,278,620,898,67137,0.414078675,0.923484815,1.33756349,Urban with Significant Rural,Urban,31.4,5.1
Basildon,,,,,FALSE,,0,-4.799399421,-0.218154519,,1216,2299,3515,185862,0.654248851,1.236939234,1.891188086,Urban with City and Town,Urban,23.618,-0.4
Basingstoke and Deane,,,,,FALSE,,0,31.61868705,1.437213048,,1102,2683,3785,175729,0.627101958,1.526782717,2.153884675,Urban with Significant Rural,Urban,11.496,1
Bassetlaw,,,,,FALSE,,0,-1.500766642,-0.107197617,,774,1484,2258,116839,0.662450038,1.270123846,1.932573884,Largely Rural,Rural,22.729,5.5
Bath and North East Somerset,University of Bath,Bath Spa University,,,TRUE,8,0.87,21.07176207,0.780435632,Suburban,4833,12062,16895,192106,2.51579857,6.278825232,8.794623801,Urban with Significant Rural,Urban,12.094,-1.2
Bedford,,,,,FALSE,,0,-5.884051314,-0.294202566,,1452,3293,4745,171623,0.846040449,1.918740495,2.764780944,Urban with Significant Rural,Urban,19.238,0.4
Bexley,,,,,FALSE,,0,-0.339105705,-0.012110918,,2008,3736,5744,247258,0.812107192,1.510972345,2.323079536,Urban with Major Conurbation,Urban,16.17,-1.1
Birmingham,University of Birmingham,Aston University,Birmingham City University,Newman University,TRUE,12,0.81,-356.4816804,-2.700618791,City Centre,12242,28614,40856,1141374,1.072566924,2.506978431,3.579545355,Urban with Major Conurbation,Urban,37.768,-7.2
Blaby,,,,,FALSE,,0,-2.788756124,-0.232396344,,765,1701,2466,100421,0.761792852,1.693868812,2.455661664,Urban with City and Town,Urban,10.374,3.3
Blackburn with Darwen,,,,,FALSE,,0,-11.78535546,-0.65474197,,819,1944,2763,148942,0.549878476,1.305206053,1.85508453,Urban with City and Town,Urban,34.189,-3.7
Blackpool,,,,,FALSE,,0,-8.967167932,-0.471956207,,1132,2004,3136,139305,0.812605434,1.438570044,2.251175478,Urban with City and Town,Urban,41.997,3.8
Bolsover,,,,,FALSE,,0,-2.168929079,-0.216892908,,552,1192,1744,79530,0.694077707,1.498805482,2.192883189,Urban with Significant Rural,Urban,24.778,4
Bolton,University of Bolton,,,,TRUE,102,0.37,-32.69826523,-0.934236149,Town Centre,1669,3757,5426,285372,0.584850651,1.3165272,1.901377851,Urban with Major Conurbation,Urban,28.42,-1
Boston,,,,,FALSE,,0,9.269305667,1.158663208,,445,897,1342,69366,0.641524666,1.293140732,1.934665398,Urban with Significant Rural,Urban,24.367,2.2
Bournemouth,Art University Bournemouth,Bournemouth University,,,TRUE,36,0.67,-16.33666945,-0.710289976,Town Centre,3636,11193,14829,194355,1.870803427,5.759049163,7.629852589,Urban with City and Town,Urban,21.847,-1.4
Bracknell Forest,,,,,FALSE,,0,3.685382268,0.245692151,,969,1918,2887,121676,0.796377264,1.576317433,2.372694697,Urban with City and Town,Urban,10.462,-0.9
Bradford,University of Bradford,,,,TRUE,55,0.59,-100.0048922,-1.639424462,City Centre,3002,6973,9975,537173,0.558851618,1.298092049,1.856943666,Urban with Major Conurbation,Urban,33.168,-3.8
Braintree,,,,,FALSE,,0,7.156764363,0.39759802,,1034,1879,2913,151561,0.682233556,1.239764847,1.921998403,Largely Rural,Rural,15.313,3.4
Breckland,,,,,FALSE,,0,4.766762711,0.280397807,,959,1792,2751,139329,0.688298918,1.286164402,1.974463321,Mainly Rural,Rural,19.789,6.3
Brent,,,,,FALSE,,0,-45.05637114,-1.325187386,,2882,8808,11690,330795,0.87123445,2.66267628,3.53391073,Urban with Major Conurbation,Urban,26.655,-4.9
Brentwood,,,,,FALSE,,0,3.957859272,0.439762141,,613,1323,1936,76550,0.800783801,1.728282169,2.52906597,Urban with Significant Rural,Urban,9.881,3.6
Brighton and Hove,University of Sussex,University of Brighton,,,TRUE,30,0.7,49.53337727,1.501011433,Rural,5263,13938,19201,290395,1.812359028,4.799669416,6.612028444,Urban with City and Town,Urban,23.441,-4.2
Bristol,University of Bristol,,,,TRUE,13,0.81,136.7640766,2.486619575,City Centre,6345,20941,27286,463405,1.369212676,4.518941315,5.888153991,Urban with City and Town,Urban,27.161,-7.1
Broadland,,,,,FALSE,,0,31.08427658,1.726904254,,982,1874,2856,129464,0.758512019,1.447506643,2.206018662,Urban with Significant Rural,Urban,11.065,8
Bromley,,,,,FALSE,,0,16.50605447,0.423232166,,2440,5159,7599,331096,0.736946384,1.558158359,2.295104743,Urban with Major Conurbation,Urban,15.164,0.8
Bromsgrove,,,,,FALSE,,0,-13.43037917,-0.959312798,,860,1633,2493,98662,0.871662849,1.655145851,2.5268087,Urban with City and Town,Urban,11.071,5.8
Broxbourne,,,,,FALSE,,0,14.12936712,1.086874394,,700,1343,2043,96876,0.722573186,1.38630827,2.108881457,Urban with Major Conurbation,Urban,17.294,0.4
Broxtowe,,,,,FALSE,,0,-6.115756703,-0.436839765,,1305,3616,4921,113272,1.152094074,3.192315842,4.344409916,Urban with Minor Conurbation,Urban,14.306,3.4
Burnley,,,,,FALSE,,0,-10.4664623,-0.872205192,,532,1101,1633,88527,0.600946604,1.243688366,1.84463497,Urban with City and Town,Urban,36.05,0.3
Bury,,,,,FALSE,,0,-3.624854069,-0.139417464,,1236,2657,3893,190108,0.650156753,1.397626612,2.047783365,Urban with Major Conurbation,Urban,21.769,0.6
Calderdale,,,,,FALSE,,0,-7.958159321,-0.294746642,,1204,2648,3852,210082,0.573109548,1.260460201,1.833569749,Urban with Major Conurbation,Urban,24.607,2.3
Cambridge,University of Cambridge,,,,TRUE,1,1,32.71372628,2.516440483,City Centre,4162,10688,14850,125758,3.309531004,8.498862895,11.8083939,Urban with City and Town,Urban,13.75,-8.8
Camden,UCL,SOAS University,University of the Arts London,,TRUE,9,0.85,21.20197089,0.757213246,City Centre,2999,12712,15711,262226,1.143669964,4.84772677,5.991396734,Urban with Major Conurbation,Urban,24.959,-5.8
Cannock Chase,,,,,FALSE,,0,-2.35956994,-0.18150538,,554,1182,1736,100109,0.553396797,1.180713023,1.73410982,Urban with Significant Rural,Urban,20.931,2.8
Canterbury,University of Kent,Canterbury Christ Church,,,TRUE,35,0.67,57.0550445,3.002897079,City Centre,4510,10508,15018,164553,2.740758297,6.385784519,9.126542816,Urban with City and Town,Urban,16.876,-2.1
Carlisle,University of Cumbria,,,,TRUE,93,0.43,2.457970248,0.189074634,City Centre,690,1807,2497,108387,0.636607711,1.667174108,2.303781819,Urban with Significant Rural,Urban,22.482,4.7
Castle Point,,,,,FALSE,,0,10.93501871,0.91125156,,616,995,1611,90070,0.683912512,1.104696347,1.78860886,Urban with City and Town,Urban,16.632,7
Central Bedfordshire,,,,,FALSE,,0,8.680931374,0.263058526,,1943,4243,6186,283606,0.685105393,1.496089645,2.181195038,Largely Rural,Rural,12.201,1.5
Charnwood,Loughborough University,,,,TRUE,5,0.9,5.645008303,0.256591287,Suburban,4513,9625,14138,182643,2.470940578,5.269843356,7.740783934,Urban with City and Town,Urban,13.729,-1.3
Chelmsford,Anglia Ruskin,,,,TRUE,89,0.47,17.87085939,0.850993304,City Centre,1403,3255,4658,177079,0.792301741,1.838162628,2.630464369,Urban with City and Town,Urban,12.413,1.7
Cheltenham,University of Gloucestershire,,,,TRUE,75,0.53,26.99512242,1.799674828,City Centre,1901,4427,6328,117090,1.62353745,3.780852336,5.404389786,Urban with City and Town,Urban,15.071,0.2
Cherwell,,,,,FALSE,,0,14.55955695,0.766292471,,1154,2538,3692,149161,0.773660675,1.701517153,2.475177828,Urban with Significant Rural,Urban,12.611,1.2
Cheshire East,,,,,FALSE,,0,-3.677188841,-0.072101742,,2627,5997,8624,380790,0.689881562,1.574883794,2.264765356,Urban with Significant Rural,Urban,14.132,6.1
Cheshire West and Chester,University of Chester,,,,TRUE,73,0.54,2.087614931,0.044417339,City Centre,3245,7389,10634,340502,0.953004681,2.170031307,3.123035988,Urban with Significant Rural,Urban,18.086,4.4
Chesterfield,,,,,FALSE,,0,0.815894668,0.062761128,,671,1455,2126,104628,0.641319723,1.390641129,2.031960852,Urban with City and Town,Urban,25.32,4.5
Chichester,University of Chichester,,,,TRUE,58,0.59,19.62389132,1.401706523,City Centre,1492,3311,4803,120750,1.235610766,2.742028986,3.977639752,Largely Rural,Rural,12.994,8.6
Chiltern,,,,,FALSE,,0,10.52576279,0.877146899,,976,2036,3012,95927,1.017440345,2.122447278,3.139887623,Urban with Significant Rural,Urban,6.719,5.2
Chorley,,,,,FALSE,,0,4.229152963,0.302082355,,752,1439,2191,116821,0.643719879,1.231799077,1.875518956,Urban with Significant Rural,Urban,17.41,3.4
Christchurch,,,,,FALSE,,0,-3.609574875,-0.515653554,,331,753,1084,50032,0.661576591,1.505036776,2.166613367,Urban with City and Town,Urban,12.547,11.1
City of London,London Metropolitan University,,,,TRUE,95,0.43,0.610642008,0.610642008,City Centre,37,329,366,8706,0.424994257,3.779002986,4.203997243,Urban with Major Conurbation,Urban,13.602,4.4
Colchester,University of Essex,,,,TRUE,31,0.68,15.26354573,0.763177286,Suburban-Rural,2806,5854,8660,192523,1.457488196,3.04067566,4.498163856,Urban with Significant Rural,Urban,16.941,-1.8
Copeland,,,,,FALSE,,0,-5.642905729,-0.705363216,,317,578,895,68424,0.463287735,0.844732842,1.308020578,Mainly Rural,Rural,25.949,6.6
Corby,,,,,FALSE,,0,-1.907307264,-0.238413408,,444,826,1270,70827,0.62687958,1.166221921,1.793101501,Urban with City and Town,Urban,25.765,-2.5
Cornwall,Falmouth University,,,,TRUE,60,0.58,13.79385933,0.188956977,Town Centre,3836,9546,13382,565968,0.677776835,1.686667797,2.364444633,Mainly Rural,Rural,23.833,7.1
Cotswold,Royal Agricultural University,,,,TRUE,90,0.45,22.97255561,2.088414147,Rural,945,2215,3160,89022,1.061535351,2.488148997,3.549684348,Mainly Rural,Rural,11.176,8.8
County Durham,Durham University,,,,TRUE,6,0.9,-0.820492586,-0.012431706,City Centre,5416,10923,16339,526980,1.027742988,2.072754184,3.100497173,Largely Rural,Rural,25.741,3.7
Coventry,University of Warwick,Coventry University,,,TRUE,10,0.85,-24.42458492,-0.581537736,Suburban-Rural,7436,16125,23561,366785,2.02734572,4.396308464,6.423654184,Urban with City and Town,Urban,28.107,-7.5
Craven,,,,,FALSE,,0,-0.669853852,-0.083731731,,464,870,1334,56832,0.816441441,1.530827703,2.347269144,Mainly Rural,Rural,12.527,9.9
Crawley,,,,,FALSE,,0,-4.047864881,-0.311374222,,595,1473,2068,112448,0.529133466,1.309938816,1.839072282,Urban with City and Town,Urban,17.833,-2.9
Croydon,,,,,FALSE,,0,-16.43067053,-0.37342433,,3354,6813,10167,385346,0.870386614,1.768021466,2.63840808,Urban with Major Conurbation,Urban,23.643,-2.7
Dacorum,,,,,FALSE,,0,-5.266467702,-0.239384896,,1168,2415,3583,154280,0.757065076,1.565335753,2.32240083,Urban with Significant Rural,Urban,12.174,0.8
Darlington,,,,,FALSE,,0,14.50619184,0.967079456,,706,1302,2008,106566,0.662500235,1.221778053,1.884278288,Urban with City and Town,Urban,23.639,3.1
Dartford,,,,,FALSE,,0,19.87261054,1.528662349,,799,1525,2324,109709,0.728290295,1.390040926,2.118331222,Urban with Major Conurbation,Urban,17.845,-2.4
Daventry,,,,,FALSE,,0,7.607931365,0.760793136,,716,1489,2205,84484,0.847497751,1.762463898,2.60996165,Mainly Rural,Rural,13.502,5.5
Derby,University of Derby,,,,TRUE,77,0.52,-39.66905143,-1.27964682,City Centre,2643,6834,9477,257174,1.027708866,2.657344833,3.685053699,Urban with City and Town,Urban,27.79,-3.1
Derbyshire Dales,,,,,FALSE,,0,-3.612002349,-0.361200235,,668,1156,1824,71977,0.928074246,1.606068605,2.534142851,Mainly Rural,Rural,12.261,10.4
Doncaster,,,,,FALSE,,0,-54.84828824,-1.406366365,,1591,3349,4940,310542,0.512330055,1.078437055,1.59076711,Urban with Minor Conurbation,Urban,29.051,1.5
Dover,,,,,FALSE,,0,-11.90606622,-0.850433302,,840,1379,2219,116969,0.718138994,1.178944849,1.897083843,Urban with Significant Rural,Urban,21.589,6.4
Dudley,,,,,FALSE,,0,-56.39443037,-1.311498381,,1619,3465,5084,320626,0.504949692,1.080698384,1.585648076,Urban with Major Conurbation,Urban,22.958,2.4
Ealing,University of West London,,,,TRUE,62,0.58,-8.870804977,-0.227456538,Town Centre,3258,9146,12404,341982,0.95268172,2.674409764,3.627091484,Urban with Major Conurbation,Urban,23.585,-3.5
East Cambridgeshire,,,,,FALSE,,0,4.184305045,0.418430505,,661,1324,1985,89362,0.739688011,1.481614109,2.221302119,Mainly Rural,Rural,12.108,3
East Devon,,,,,FALSE,,0,4.786993635,0.239349682,,986,2088,3074,144317,0.683218193,1.446814998,2.130033191,Largely Rural,Rural,12.698,10.9
East Dorset,,,,,FALSE,,0,-8.621450506,-0.718454209,,700,1348,2048,89889,0.778738222,1.499627318,2.27836554,Urban with Significant Rural,Urban,9.311,12.2
East Hampshire,,,,,FALSE,,0,9.745390707,0.649692714,,1029,2000,3029,120681,0.852661148,1.657261706,2.509922854,Mainly Rural,Rural,8.609,6.9
East Hertfordshire,,,,,FALSE,,0,8.310314926,0.461684163,,1335,2497,3832,148105,0.901387529,1.685966038,2.587353567,Urban with Significant Rural,Urban,8.136,2.6
East Lindsey,,,,,FALSE,,0,7.228615036,0.401589724,,1024,1690,2714,140741,0.727577607,1.200787262,1.928364869,Mainly Rural,Rural,28.855,11.8
East Northamptonshire,,,,,FALSE,,0,0.537118971,0.053711897,,911,1344,2255,93906,0.970119055,1.431218452,2.401337508,Largely Rural,Rural,14.154,4.4
East Riding of Yorkshire,,,,,FALSE,,0,-46.89529144,-1.090588173,,2956,5617,8573,339614,0.870399925,1.653936528,2.524336453,Largely Rural,Rural,15.792,8.7
East Staffordshire,,,,,FALSE,,0,-16.96256445,-1.13083763,,821,1582,2403,118574,0.692394623,1.334187933,2.026582556,Urban with Significant Rural,Urban,18.817,2.3
Eastbourne,,,,,FALSE,,0,14.41205242,1.108619417,,964,2070,3034,103160,0.934470725,2.006591702,2.941062427,Urban with City and Town,Urban,21.322,5.5
Eastleigh,,,,,FALSE,,0,3.789464345,0.252630956,,814,2036,2850,131819,0.617513409,1.544542137,2.162055546,Urban with City and Town,Urban,10.015,2.4
Eden,,,,,FALSE,,0,1.226681747,0.17524025,,358,657,1015,52881,0.676991736,1.242412209,1.919403945,Mainly Rural,Rural,15.411,10
Elmbridge,,,,,FALSE,,0,47.57136131,2.642853406,,1360,2653,4013,136626,0.995418149,1.941797315,2.937215464,Urban with Major Conurbation,Urban,7.527,2.5
Enfield,Middlesex University,,,,TRUE,76,0.53,-19.25678529,-0.534910703,City Centre,2766,5737,8503,333869,0.828468651,1.71833863,2.546807281,Urban with Major Conurbation,Urban,26.994,-4
Epping Forest,,,,,FALSE,,0,18.70969219,1.100570129,,984,2139,3123,131137,0.75036031,1.631118601,2.381478911,Urban with Significant Rural,Urban,15.263,2.9
Epsom and Ewell,,,,,FALSE,,0,7.805716451,0.867301828,,1022,2011,3033,79928,1.278650786,2.516014413,3.794665199,Urban with Major Conurbation,Urban,8.544,1.6
Erewash,,,,,FALSE,,0,-4.33508498,-0.289005665,,681,1587,2268,115490,0.589661443,1.374144948,1.96380639,Urban with Minor Conurbation,Urban,19.912,3.7
Exeter,University of Exeter,,,,TRUE,11,0.83,20.55218024,1.37014535,City Centre,3839,9806,13645,130428,2.943386389,7.518324286,10.46171068,Urban with City and Town,Urban,18.212,-5.9
Fareham,,,,,FALSE,,0,13.63370496,0.973836069,,819,1781,2600,116339,0.70397717,1.530870989,2.234848159,Urban with City and Town,Urban,8.454,6.2
Fenland,,,,,FALSE,,0,-0.537467406,-0.048860673,,722,1394,2116,101491,0.711393128,1.373520805,2.084913933,Largely Rural,Rural,25.362,4.9
Forest Heath,,,,,FALSE,,0,-0.985849506,-0.140835644,,731,1266,1997,112578,0.649327577,1.124553643,1.77388122,Mainly Rural,Rural,18.016,-4.1
Forest of Dean,,,,,FALSE,,0,8.714352071,0.871435207,,394,919,1313,65399,0.602455695,1.405220263,2.007675958,Mainly Rural,Rural,16.991,8
Fylde,,,,,FALSE,,0,1.087673354,0.120852595,,1298,1422,2720,86543,1.499832453,1.643113828,3.142946281,Urban with City and Town,Urban,14.375,10
Gateshead,,,,,FALSE,,0,7.212259235,0.267120712,,613,1214,1827,79770,0.768459321,1.521875392,2.290334712,Urban with Major Conurbation,Urban,25.932,1.6
Gedling,,,,,FALSE,,0,-12.00027323,-0.800018216,,1809,3468,5277,202508,0.893298043,1.712524937,2.60582298,Urban with Minor Conurbation,Urban,15.272,4.1
Gloucester,,,,,FALSE,,0,29.26452038,1.950968025,,833,1974,2807,117786,0.707214779,1.675920738,2.383135517,Urban with City and Town,Urban,21.999,-1.2
Gosport,,,,,FALSE,,0,7.976536943,0.797653694,,1082,2632,3714,129285,0.836910701,2.035812353,2.872723054,Urban with City and Town,Urban,20.613,2.2
Gravesham,,,,,FALSE,,0,2.478692913,0.190668686,,545,1036,1581,85283,0.639048814,1.21477903,1.853827844,Urban with Major Conurbation,Urban,21.684,-0.4
Great Yarmouth,,,,,FALSE,,0,-3.07135369,-0.236257976,,782,1327,2109,106385,0.735066034,1.2473563,1.982422334,Urban with Significant Rural,Urban,32.369,5.5
Greenwich,University of Greenwich,Ravensbourne University,,,TRUE,70,0.55,4.555053346,0.13803192,City Centre,594,1167,1761,99370,0.597765925,1.174398712,1.772164637,Urban with Major Conurbation,Urban,25.544,-5.3
Guildford,University of Surrey,,,,TRUE,25,0.73,26.94597884,1.496998825,Town Centre,2584,7341,9925,286186,0.902909297,2.565114995,3.468024292,Urban with City and Town,Urban,9.392,-2.3
Hackney,,,,,FALSE,,0,-20.86530119,-0.745189328,,3228,7213,10441,147889,2.18271812,4.877306629,7.060024748,Urban with Major Conurbation,Urban,35.28,-7.1
Halton,,,,,FALSE,,0,-8.987823544,-0.561738972,,1507,7171,8678,279665,0.538858992,2.564139238,3.10299823,Urban with City and Town,Urban,31.943,1.2
Hambleton,,,,,FALSE,,0,-1.177359986,-0.107032726,,587,1308,1895,128432,0.457051202,1.018437773,1.475488975,Mainly Rural,Rural,12.67,9.2
Hammersmith and Fulham,,,,,FALSE,,0,12.31352993,0.492541197,,709,1447,2156,91134,0.777975289,1.587771852,2.365747142,Urban with Major Conurbation,Urban,24.362,-5.2
Harborough,,,,,FALSE,,0,5.842144418,0.584214442,,1340,8939,10279,185426,0.722660253,4.820791043,5.543451296,Mainly Rural,Rural,8.324,6
Haringey,,,,,FALSE,,0,4.577575508,0.127154875,,903,1570,2473,92499,0.97622677,1.697315647,2.673542417,Urban with Major Conurbation,Urban,31.043,-4.8
Harlow,,,,,FALSE,,0,5.485402977,0.498672998,,2342,8115,10457,270624,0.865407355,2.998625399,3.864032754,Urban with City and Town,Urban,23.558,-2.4
Harrogate,,,,,FALSE,,0,-4.186127588,-0.199339409,,536,1157,1693,86594,0.61898053,1.336120285,1.955100815,Urban with Significant Rural,Urban,10.373,6.8
Harrow,,,,,FALSE,,0,-42.88759379,-1.42958646,,1422,2499,3921,160533,0.885799181,1.556689279,2.44248846,Urban with Major Conurbation,Urban,14.302,-2.1
Hart,,,,,FALSE,,0,15.92057381,1.447324892,,2494,5477,7971,250149,0.997005785,2.189495061,3.186500845,Urban with Significant Rural,Urban,5.009,3.5
Hartlepool,,,,,FALSE,,0,-6.513135466,-0.542761289,,856,1607,2463,96293,0.888953506,1.668864819,2.557818325,Urban with City and Town,Urban,33.178,2
Hastings,,,,,FALSE,,0,30.21271927,2.746610843,,533,993,1526,93242,0.57163081,1.064970721,1.636601531,Urban with City and Town,Urban,33.114,2.8
Havant,,,,,FALSE,,0,3.072655407,0.180744436,,580,1301,1881,92855,0.624629799,1.401109256,2.025739056,Urban with City and Town,Urban,21.166,5.9
Havering,,,,,FALSE,,0,35.81057997,1.193685999,,690,1509,2199,125813,0.548432992,1.199399108,1.7478321,Urban with Major Conurbation,Urban,17.876,-0.4
Herefordshire,,,,,FALSE,,0,-7.829755561,-0.340424155,,1692,3291,4983,257810,0.656297273,1.276521469,1.932818742,Largely Rural,Rural,19.737,6.9
Hertsmere,,,,,FALSE,,0,3.186358958,0.245104535,,1078,2299,3377,192107,0.561145612,1.196728906,1.757874518,Urban with Major Conurbation,Urban,12.913,0.8
High Peak,,,,,FALSE,,0,-7.0612773,-0.6419343,,1048,2316,3364,104205,1.005709899,2.222542105,3.228252003,Largely Rural,Rural,16.091,5.7
Hillingdon,Brunel University,,,,TRUE,67,0.58,-35.34880242,-1.104650076,Town Centre,673,1574,2247,92221,0.729768708,1.706769608,2.436538316,Urban with Major Conurbation,Urban,18.108,-4.1
Hinckley and Bosworth,,,,,FALSE,,0,5.825309619,0.416093544,,3258,7882,11140,304824,1.068813479,2.585754403,3.654567882,Largely Rural,Rural,12.782,5.2
Horsham,,,,,FALSE,,0,19.58937796,1.224336123,,738,1609,2347,112423,0.656449303,1.4312018,2.087651103,Largely Rural,Rural,9.765,6.3
Hounslow,,,,,FALSE,,0,-17.97942704,-0.642122394,,1305,2261,3566,142217,0.917611819,1.589824001,2.50743582,Urban with Major Conurbation,Urban,22.469,-4.1
Huntingdonshire,,,,,FALSE,,0,11.42098459,0.519135663,,2071,5727,7798,270782,0.764821886,2.114985486,2.879807373,Mainly Rural,Rural,11.791,3.3
Hyndburn,,,,,FALSE,,0,-5.810090323,-0.645565591,,1258,2639,3897,177352,0.709323831,1.488001263,2.197325094,Urban with City and Town,Urban,32.102,0.1
Ipswich,University of Suffolk,,,,TRUE,103,0.36,16.56725595,1.035453497,Town Centre,500,1070,1570,80815,0.618697024,1.324011632,1.942708656,Urban with City and Town,Urban,26.093,-2.3
Isle of Wight,,,,,FALSE,,0,15.17771272,0.843206262,,1018,2280,3298,137532,0.740191374,1.657796004,2.397987377,Mainly Rural,Rural,23.087,9.8
Isles of Scilly,,,,,FALSE,,0,-1.637866605,-1.637866605,,673,1424,2097,141538,0.475490681,1.006090237,1.481580918,Mainly Rural,Rural,12.013,7.6
Islington,"City University, London",,,,TRUE,45,0.64,7.729320175,0.336057399,City Centre,24,81,105,2242,1.070472792,3.612845674,4.683318466,Urban with Major Conurbation,Urban,32.534,-7.7
Kensington and Chelsea,Imperial College,,,,TRUE,4,0.91,23.91944087,1.139020994,City Centre,1947,11546,13493,239142,0.814160624,4.828093769,5.642254393,Urban with Major Conurbation,Urban,23.376,-0.8
Kettering,,,,,FALSE,,0,0.281219479,0.025565407,,1046,4853,5899,156197,0.669667151,3.106973886,3.776641037,Urban with City and Town,Urban,18.927,1.4
King's Lynn and West Norfolk,,,,,FALSE,,0,15.88846725,0.836235118,,704,1413,2117,101266,0.695198783,1.395335058,2.090533842,Largely Rural,Rural,23.403,7.2
Kingston upon Hull,University of Hull,,,,TRUE,50,0.61,-14.91065998,-0.465958124,City Centre,938,1698,2636,151811,0.61787354,1.118496025,1.736369565,Urban with City and Town,Urban,41.235,-4.2
Kingston upon Thames,Kingston University,,,,TRUE,78,0.51,31.47488351,1.573744176,Suburban,1850,6545,8395,260645,0.709777667,2.511078287,3.220855953,Urban with Major Conurbation,Urban,11.125,-3
Kirklees,University of Huddersfield,,,,TRUE,41,0.66,27.36214093,0.4637651,Town Centre,1858,6659,8517,175470,1.058870462,3.794950704,4.853821166,Urban with Major Conurbation,Urban,23.964,-0.6
Knowsley,,,,,FALSE,,0,-15.31700913,-0.765850456,,3037,7563,10600,438727,0.69223002,1.723851051,2.416081071,Urban with Major Conurbation,Urban,41.387,0.2
Lambeth,Kings College,,,,TRUE,17,0.77,18.83822919,0.53823512,City Centre,750,1725,2475,149571,0.501434102,1.153298434,1.654732535,Urban with Major Conurbation,Urban,28.913,-6.9
Lancaster,Lancaster University,,,,TRUE,7,0.89,-19.14951342,-1.063861857,Suburban,2501,14215,16716,325917,0.767373288,4.361539901,5.12891319,Urban with Significant Rural,Urban,23.321,0.2
Leeds,University of Leeds,Leeds Beckett University,Leeds Trinity University,,TRUE,14,0.8,-93.38632531,-0.872769395,City Centre,3228,6203,9431,144246,2.237843684,4.300292556,6.538136239,Urban with Major Conurbation,Urban,26.623,-4.3
Leicester,University of Leicester,De Montfort University,,,TRUE,28,0.71,-28.32866743,-0.76563966,City Centre,11840,30431,42271,789194,1.500264827,3.855959371,5.356224198,Urban with City and Town,Urban,33.065,-8.1
Lewes,,,,,FALSE,,0,13.10466959,1.008051507,,5814,16020,21834,355218,1.636741381,4.509906593,6.146647974,Urban with Significant Rural,Urban,15.074,7.6
Lewisham,Goldsmiths,,,,TRUE,54,0.6,-31.79970714,-0.883325198,City Centre,635,1648,2283,102744,0.618040956,1.603986607,2.222027564,Urban with Major Conurbation,Urban,28.591,-5.1
Lichfield,,,,,FALSE,,0,-12.32543315,-1.027119429,,2502,8710,11212,303536,0.824284434,2.869511359,3.693795794,Urban with Significant Rural,Urban,12.709,6.3
Lincoln,University of Lincoln,Bishop Grosseteste University,,,TRUE,38,0.67,38.55775987,3.505250898,City Centre,721,1620,2341,103965,0.693502621,1.558216708,2.251719329,Urban with City and Town,Urban,28.924,-6.2
Liverpool,University of Liverpool,Liverpool Hope University,Liverpool John Moores University,,TRUE,24,0.73,-11.84059274,-0.194108078,City Centre,3922,6679,10601,99039,3.96005614,6.743807995,10.70386413,Urban with Major Conurbation,Urban,41.126,-5
Luton,University of Bedfordshire,,,,TRUE,99,0.41,-15.41102133,-0.733858159,Town Centre,8102,19124,27226,494814,1.637382936,3.864886604,5.50226954,Urban with City and Town,Urban,27.577,-6
Maidstone,,,,,FALSE,,0,21.3518558,1.123781884,,1373,3845,5218,214109,0.641262161,1.795814282,2.437076442,Urban with Significant Rural,Urban,15.56,1.7
Maldon,,,,,FALSE,,0,9.182887282,1.14786091,,1203,2331,3534,169955,0.707834427,1.371539525,2.079373952,Mainly Rural,Rural,14.506,8.6
Malvern Hills,,,,,FALSE,,0,8.172350012,0.74294091,,485,869,1354,64425,0.752813349,1.348855258,2.101668607,Largely Rural,Rural,16.067,10.4
Manchester,University of Manchester,Manchester Metropolitan University,,,TRUE,15,0.8,-48.27014777,-0.846844698,City Centre,813,1299,2112,78113,1.040799867,1.662975433,2.7037753,Urban with Major Conurbation,Urban,40.512,-9.8
Mansfield,,,,,FALSE,,0,0.39489179,0.030376292,,8850,26864,35714,547627,1.616063488,4.905528763,6.521592252,Urban with City and Town,Urban,27.764,2.1
Medway,,,,,FALSE,,0,26.83963165,0.706306096,,673,1513,2186,108841,0.618333165,1.390101157,2.008434322,Urban with City and Town,Urban,22.332,-1.8
Melton,,,,,FALSE,,0,-0.105950548,-0.017658425,,2159,4652,6811,277855,0.777023987,1.674254557,2.451278545,Mainly Rural,Rural,13.119,7
Mendip,,,,,FALSE,,0,-3.807116745,-0.27193691,,402,712,1114,51100,0.786692759,1.39334638,2.180039139,Mainly Rural,Rural,17.204,6.5
Merton,,,,,FALSE,,0,25.36006839,1.014402735,,1225,1853,3078,114881,1.066320802,1.612973425,2.679294226,Urban with Major Conurbation,Urban,14.93,-3.1
Mid Devon,,,,,FALSE,,0,-5.568295113,-0.506208647,,1685,5250,6935,206186,0.817223284,2.546244653,3.363467937,Mainly Rural,Rural,17.128,6.6
Mid Suffolk,,,,,FALSE,,0,3.266080392,0.272173366,,701,1405,2106,81695,0.858069649,1.719811494,2.577881143,Mainly Rural,Rural,12.679,7.4
Mid Sussex,,,,,FALSE,,0,13.82339646,0.813140968,,888,1570,2458,102493,0.866400632,1.531811929,2.398212561,Urban with City and Town,Urban,7.615,3.7
Middlesbrough,Teesside University,,,,TRUE,74,0.53,25.00693858,1.316154662,Town Centre,1169,2218,3387,149716,0.78081167,1.481471586,2.262283256,Urban with City and Town,Urban,40.216,-3.6
Milton Keynes,,,,,FALSE,,0,-2.18443897,-0.068263718,,1326,3541,4867,140545,0.943470063,2.519477747,3.46294781,Urban with City and Town,Urban,18.029,-2.5
Mole Valley,,,,,FALSE,,0,21.64366493,1.664897302,,1976,4082,6058,268607,0.735647247,1.519692339,2.255339585,Urban with Significant Rural,Urban,8.87,6.9
New Forest,,,,,FALSE,,0,-2.141421763,-0.093105294,,856,1737,2593,87253,0.981055093,1.990762495,2.971817588,Urban with Significant Rural,Urban,12.44,10.2
Newark and Sherwood,,,,,FALSE,,0,-1.394354243,-0.107258019,,1123,2307,3430,179753,0.624746179,1.283427815,1.908173994,Largely Rural,Rural,18.755,5.1
Newcastle upon Tyne,Newcastle University,Northumbria University,,,TRUE,20,0.76,8.924703556,0.307748398,City Centre,958,2129,3087,121566,0.78804929,1.751312044,2.539361335,Urban with Major Conurbation,Urban,28.264,-7.1
Newcastle-under-Lyme,Keele University,,,,TRUE,44,0.65,-0.122596167,-0.00766226,Suburban-Rural,6695,17471,24166,300196,2.230209596,5.819864355,8.050073952,Urban with City and Town,Urban,18.472,2.1
Newham,University of East London,,,,TRUE,92,0.44,-78.07988717,-2.110267221,Suburban,1942,4420,6362,129490,1.499729709,3.413390995,4.913120704,Urban with Major Conurbation,Urban,32.939,-8.2
North Devon,,,,,FALSE,,0,-9.563966375,-0.683140455,,2484,8883,11367,352005,0.705671794,2.5235437,3.229215494,Largely Rural,Rural,20.682,7.5
North Dorset,,,,,FALSE,,0,0.917822945,0.114727868,,630,1451,2081,96110,0.655498908,1.509728436,2.165227344,Mainly Rural,Rural,13.886,7.7
North East Derbyshire,,,,,FALSE,,0,-1.517625449,-0.116740419,,962,1038,2000,70841,1.357970667,1.465253173,2.823223839,Urban with City and Town,Urban,16.843,7.5
North East Lincolnshire,,,,,FALSE,,0,-17.98274066,-0.78185829,,643,1338,1981,101125,0.635846724,1.323114957,1.958961681,Urban with City and Town,Urban,30.898,2.5
North Hertfordshire,,,,,FALSE,,0,16.9339188,1.12892792,,838,1573,2411,159821,0.524336602,0.984226103,1.508562705,Urban with Significant Rural,Urban,11.616,2.1
North Kesteven,,,,,FALSE,,0,24.15309549,1.857930422,,1058,2399,3457,133214,0.794210819,1.800861771,2.59507259,Mainly Rural,Rural,11.58,6.2
North Lincolnshire,,,,,FALSE,,0,-12.55729698,-0.545969434,,1092,1824,2916,115985,0.941501056,1.572617149,2.514118205,Urban with Significant Rural,Urban,21.363,4.2
North Norfolk,,,,,FALSE,,0,15.24254067,1.088752905,,926,1868,2794,172005,0.538356443,1.086014941,1.624371385,Mainly Rural,Rural,21.343,13.7
North Somerset,,,,,FALSE,,0,28.08367027,1.080141164,,653,1234,1887,104552,0.624569592,1.180273931,1.804843523,Urban with Significant Rural,Urban,15.783,6
North Tyneside,,,,,FALSE,,0,15.0010314,0.50003438,,1191,2979,4170,213919,0.55675279,1.392583174,1.949335964,Urban with Major Conurbation,Urban,21.279,3.6
North Warwickshire,,,,,FALSE,,0,-0.900663952,-0.128666279,,933,2487,3420,205985,0.452945603,1.207369469,1.660315071,Mainly Rural,Rural,16.482,5.9
North West Leicestershire,,,,,FALSE,,0,-4.283662739,-0.329512518,,455,1003,1458,64850,0.701619121,1.546646106,2.248265227,Largely Rural,Rural,14.902,4.1
Northampton,University of Northampton,,,,TRUE,86,0.48,42.3755148,1.36695209,Town Centre,746,1919,2665,102126,0.730470203,1.879051368,2.609521571,Urban with City and Town,Urban,24.306,-2.9
Northumberland,,,,,FALSE,,0,-27.41185263,-0.685296316,,2335,5724,8059,225146,1.037104812,2.542350297,3.579455109,Largely Rural,Rural,20.525,7.9
Norwich,UEA,Norwich University of Arts,,,TRUE,22,0.75,30.46076421,2.175768872,Rural,1716,3440,5156,320274,0.535791229,1.074080319,1.609871547,Urban with City and Town,Urban,28.785,-6.3
Nottingham,University of Nottingham,Nottingham Trent,,,TRUE,18,0.77,-34.7917385,-0.915572066,City Centre,3473,7863,11336,141137,2.460729646,5.57118261,8.031912255,Urban with Minor Conurbation,Urban,36.927,-10
Nuneaton and Bedworth,,,,,FALSE,,0,13.63735237,0.802197198,,10532,25306,35838,331069,3.181209959,7.643723816,10.82493378,Urban with City and Town,Urban,22.933,1.7
Oadby and Wigston,,,,,FALSE,,0,-5.09243456,-0.848739093,,742,1614,2356,128902,0.5756311,1.252114009,1.827745109,Urban with City and Town,Urban,13.132,2.9
Oldham,,,,,FALSE,,0,-24.55783631,-0.744176858,,1884,3172,5056,57056,3.302019069,5.559450365,8.861469434,Urban with Major Conurbation,Urban,30.291,-2.7
Oxford,University of Oxford,Oxford Brookes,,,TRUE,2,0.99,18.91069788,1.050594327,City Centre,1215,2487,3702,235623,0.515654244,1.055499675,1.57115392,Urban with City and Town,Urban,17.946,-10.1
Pendle,,,,,FALSE,,0,1.576563615,0.121274124,,5375,13206,18581,154327,3.482864308,8.557154613,12.04001892,Urban with City and Town,Urban,29.62,-0.1
Peterborough,,,,,FALSE,,0,9.589603853,0.435891084,,522,1105,1627,91405,0.571084733,1.208905421,1.779990154,Urban with City and Town,Urban,27.659,-3.6
Plymouth,University of Plymouth,,,,TRUE,57,0.59,9.300747337,0.290648354,City Centre,1409,3093,4502,201041,0.700852065,1.538492148,2.239344213,Urban with City and Town,Urban,26.643,-1.6
Poole,,,,,FALSE,,0,-5.777380548,-0.320965586,,3503,9951,13454,263100,1.331432915,3.782212087,5.113645002,Urban with City and Town,Urban,15.219,4.4
Portsmouth,University of Portsmouth,,,,TRUE,47,0.63,8.57098407,0.342839363,City Centre,1423,3730,5153,151397,0.939912944,2.46372121,3.403634154,Urban with City and Town,Urban,27.054,-6
Preston,University of Central Lancashire,,,,TRUE,56,0.59,-1.896156472,-0.111538616,City Centre,3815,9870,13685,215133,1.77332162,4.587859603,6.361181223,Urban with City and Town,Urban,27.404,-4.6
Purbeck,,,,,FALSE,,0,-0.692537725,-0.115422954,,1700,5598,7298,141818,1.198719486,3.947312753,5.146032239,Mainly Rural,Rural,13.803,9.7
Reading,University of Reading,,,,TRUE,29,0.71,-3.815765181,-0.211986955,Suburban,371,733,1104,47135,0.78710088,1.555107669,2.34220855,Urban with City and Town,Urban,19.319,-5.6
Redbridge,,,,,FALSE,,0,-1.503373735,-0.048495927,,2904,7927,10831,163203,1.779379056,4.857141106,6.636520162,Urban with Major Conurbation,Urban,20.242,-4.6
Redcar and Cleveland,,,,,FALSE,,0,12.33605257,0.649265925,,2761,5371,8132,303858,0.908648119,1.767601972,2.676250091,Urban with Significant Rural,Urban,28.567,5.1
Redditch,,,,,FALSE,,0,-6.42762514,-0.494432703,,692,1444,2136,136718,0.506151348,1.056188651,1.562339999,Urban with City and Town,Urban,21.218,0.1
Reigate and Banstead,,,,,FALSE,,0,21.30188596,1.183438109,,444,975,1419,84989,0.522420549,1.147207286,1.669627834,Urban with City and Town,Urban,10.344,1.5
Ribble Valley,,,,,FALSE,,0,3.810780107,0.476347513,,1274,2535,3809,147757,0.862226493,1.715654757,2.577881251,Mainly Rural,Rural,10.185,7.7
Richmond upon Thames,"St. Marys University, Twickenham",,,,TRUE,84,0.48,45.73605249,1.988524021,Town Centre,594,942,1536,60057,0.989060393,1.568509916,2.557570308,Urban with Major Conurbation,Urban,10.037,0.6
Richmondshire,,,,,FALSE,,0,5.085209182,0.847534864,,2105,5098,7203,196904,1.069048877,2.589078942,3.658127819,Mainly Rural,Rural,13.349,3.2
Rochdale,,,,,FALSE,,0,-19.58704395,-0.783481758,,511,785,1296,53244,0.959732552,1.474344527,2.434077079,Urban with Major Conurbation,Urban,33.684,-1.8
Rochford,,,,,FALSE,,0,14.71320572,1.471320572,,1213,2579,3792,220001,0.55136113,1.172267399,1.723628529,Urban with City and Town,Urban,11.033,6.1
Rossendale,,,,,FALSE,,0,-3.728988968,-0.466123621,,548,1099,1647,86981,0.630022649,1.263494326,1.893516975,Urban with City and Town,Urban,23.155,2.7
Rother,,,,,FALSE,,0,20.9602557,1.905477791,,520,902,1422,70895,0.733479089,1.272304112,2.005783201,Largely Rural,Rural,18.554,12.7
Rotherham,,,,,FALSE,,0,-9.697760895,-0.293871542,,739,1329,2068,95656,0.772560007,1.389353517,2.161913523,Urban with Minor Conurbation,Urban,28.279,2.4
Rugby,,,,,FALSE,,0,7.315284192,0.609607016,,1467,3150,4617,264671,0.554273041,1.190156836,1.744429877,Urban with City and Town,Urban,13.051,1.6
Runnymede,Royal Holloway University,,,,TRUE,21,0.76,13.16837945,1.316837945,Suburban,907,1489,2396,107194,0.846129448,1.389070284,2.235199731,Urban with Major Conurbation,Urban,10.943,-1.4
Rushcliffe,,,,,FALSE,,0,-0.302040842,-0.020136056,,1923,4162,6085,88000,2.185227273,4.729545455,6.914772727,Largely Rural,Rural,7.702,4.2
Rushmoor,,,,,FALSE,,0,19.00364206,1.583636838,,1158,4072,5230,117671,0.984099736,3.460495789,4.444595525,Urban with City and Town,Urban,15.135,-1.9
Rutland,,,,,FALSE,,0,1.779954162,0.355990832,,708,1792,2500,95142,0.744150848,1.883500452,2.6276513,Mainly Rural,Rural,9.621,6.8
Ryedale,,,,,FALSE,,0,-4.444206874,-0.740701146,,677,670,1347,39697,1.705418545,1.687784971,3.393203517,Mainly Rural,Rural,15.461,10
Salford,University of Salford,,,,TRUE,71,0.55,-17.1337248,-0.57112416,City Centre,464,887,1351,54920,0.844865259,1.615076475,2.459941733,Urban with Major Conurbation,Urban,32.959,-4.8
Sandwell,,,,,FALSE,,0,-84.81141622,-2.231879374,,2539,8076,10615,254408,0.998003207,3.174428477,4.172431685,Urban with Major Conurbation,Urban,34.614,-3.4
Scarborough,,,,,FALSE,,0,-5.649423547,-0.403530253,,1945,4184,6129,327378,0.594114449,1.278033344,1.872147792,Urban with Significant Rural,Urban,25.235,9.5
Sedgemoor,,,,,FALSE,,0,-4.154802832,-0.296771631,,574,1480,2054,108736,0.527884049,1.361094762,1.888978811,Largely Rural,Rural,19.506,6.4
Sefton,,,,,FALSE,,0,3.113298955,0.08192892,,788,1581,2369,122791,0.641740844,1.287553648,1.929294492,Urban with Major Conurbation,Urban,25.732,6.4
Selby,,,,,FALSE,,0,-11.09045582,-1.109045582,,1405,3244,4649,275396,0.51017444,1.17794013,1.68811457,Mainly Rural,Rural,12.86,4.7
Sevenoaks,,,,,FALSE,,0,32.5276895,2.168512633,,720,1353,2073,89106,0.808026396,1.518416268,2.326442664,Largely Rural,Rural,11.648,4.2
Sheffield,University of Sheffield,Sheffield Hallam University,,,TRUE,23,0.74,9.477862976,0.135398043,City Centre,1088,1750,2838,120293,0.904458281,1.454781242,2.359239523,Urban with Minor Conurbation,Urban,27.568,-4.2
Shepway,,,,,FALSE,,0,9.116600818,0.651185773,,8853,22213,31066,582506,1.519812671,3.813351279,5.33316395,Urban with Significant Rural,Urban,22.821,6.8
Shropshire,,,,,FALSE,,0,0.850979187,0.021819979,,2349,4124,6473,320274,0.733434497,1.287647452,2.021081949,Largely Rural,Rural,16.689,7.2
Slough,,,,,FALSE,,0,-18.65203965,-1.332288546,,1002,2033,3035,149112,0.67197811,1.363404689,2.0353828,Urban with City and Town,Urban,22.873,-5.4
Solihull,,,,,FALSE,,0,-61.74051951,-2.128983431,,1553,3502,5055,214909,0.722631439,1.629526916,2.352158355,Urban with Major Conurbation,Urban,17.238,3.6
South Bucks,,,,,FALSE,,0,0.047530309,0.005941289,,715,1459,2174,70043,1.020801508,2.083006153,3.103807661,Urban with Significant Rural,Urban,9.328,5
South Cambridgeshire,,,,,FALSE,,0,14.25763564,0.712881782,,1346,3606,4952,157519,0.854500092,2.289247646,3.143747738,Largely Rural,Rural,8.053,2.9
South Derbyshire,,,,,FALSE,,0,-16.28247421,-1.356872851,,1011,1785,2796,104493,0.967528925,1.708248399,2.675777325,Urban with Significant Rural,Urban,13.676,2.4
South Gloucestershire,"UWE, Bristol",,,,TRUE,51,0.61,3.795132309,0.118597885,Suburban,2843,8079,10922,282644,1.00585896,2.858366001,3.864224961,Urban with City and Town,Urban,11.358,1.2
South Hams,,,,,FALSE,,0,-3.607780416,-0.300648368,,683,1491,2174,86221,0.792150404,1.72927709,2.521427494,Mainly Rural,Rural,14.072,11.1
South Holland,,,,,FALSE,,0,27.53586798,2.503260726,,665,1155,1820,93980,0.707597361,1.22898489,1.936582252,Largely Rural,Rural,18.579,6.2
South Kesteven,,,,,FALSE,,0,9.609711431,0.600606964,,1279,2217,3496,141853,0.901637611,1.562885522,2.464523133,Largely Rural,Rural,14.225,5.9
South Lakeland,,,,,FALSE,,0,3.506758385,0.250482742,,760,1666,2426,104532,0.72705009,1.593770329,2.320820419,Mainly Rural,Rural,12.232,10.7
South Norfolk,,,,,FALSE,,0,15.38139458,1.025426305,,1294,2207,3501,138017,0.937565662,1.599078374,2.536644037,Mainly Rural,Rural,13.027,6.4
South Northamptonshire,,,,,FALSE,,0,4.810703764,0.437336706,,863,1638,2501,92515,0.932821705,1.770523699,2.703345403,Mainly Rural,Rural,7.847,5.3
South Oxfordshire,,,,,FALSE,,0,22.27083149,1.113541575,,1289,2786,4075,140504,0.917411604,1.982861698,2.900273302,Mainly Rural,Rural,8.56,4.3
South Ribble,,,,,FALSE,,0,2.898650177,0.170508834,,705,1438,2143,110527,0.637853194,1.301039565,1.938892759,Urban with City and Town,Urban,13.702,4.3
South Somerset,,,,,FALSE,,0,-5.098122448,-0.212421769,,1129,2246,3375,167861,0.67258029,1.338011807,2.010592097,Largely Rural,Rural,16.644,7.1
South Staffordshire,,,,,FALSE,,0,-15.03957644,-1.07425546,,784,1607,2391,112126,0.699213385,1.433209068,2.132422453,Urban with Significant Rural,Urban,12.453,7.7
South Tyneside,,,,,FALSE,,0,6.070708885,0.263943865,,563,1450,2013,150265,0.374671414,0.964961901,1.339633314,Urban with Major Conurbation,Urban,30.608,3.8
Southampton,University of Southampton,Southampton Solent University,,,TRUE,16,0.8,11.71634851,0.366135891,Suburban,4944,13203,18147,252796,1.955727148,5.222788335,7.178515483,Urban with City and Town,Urban,26.878,-7.6
Southend-on-Sea,,,,,FALSE,,0,30.0973382,1.770431659,,1208,2634,3842,182463,0.662052032,1.443580342,2.105632375,Urban with City and Town,Urban,24.516,1.7
Southwark,London South Bank University,,,,TRUE,69,0.56,13.06564831,0.395928737,City Centre,3133,14155,17288,317256,0.987530575,4.461696548,5.449227123,Urban with Major Conurbation,Urban,29.489,-6.7
Spelthorne,,,,,FALSE,,0,11.41162711,0.87781747,,598,1407,2005,99334,0.602009382,1.416433447,2.018442829,Urban with Major Conurbation,Urban,13.189,1.8
St Albans,,,,,FALSE,,0,-4.613450956,-0.230672548,,1386,2819,4205,147373,0.940470778,1.912833423,2.853304201,Urban with City and Town,Urban,7.668,0.8
St Edmundsbury,,,,,FALSE,,0,5.239570022,0.374255002,,911,1572,2483,113482,0.802770483,1.385241712,2.188012196,Largely Rural,Rural,15.271,4
St. Helens,,,,,FALSE,,0,9.414025775,0.409305468,,827,1807,2634,180049,0.459319407,1.003615682,1.46293509,Urban with Major Conurbation,Urban,29.809,3.3
Stafford,,,,,FALSE,,0,-1.813420713,-0.113338795,,892,2150,3042,135880,0.656461584,1.582278481,2.238740065,Urban with Significant Rural,Urban,13.492,5.3
Staffordshire Moorlands,,,,,FALSE,,0,1.31863448,0.101433422,,611,1137,1748,98397,0.620953891,1.155523034,1.776476925,Largely Rural,Rural,15.217,8
Stevenage,,,,,FALSE,,0,-0.055332204,-0.004611017,,595,1519,2114,87754,0.678031771,1.730975226,2.409006997,Urban with City and Town,Urban,18.388,-1.8
Stockport,,,,,FALSE,,0,9.850043108,0.234524836,,1753,3950,5703,291775,0.600805415,1.353782881,1.954588296,Urban with Major Conurbation,Urban,19.108,2.8
Stockton-on-Tees,,,,,FALSE,,0,15.25138787,0.635474495,,1259,3196,4455,197213,0.638396049,1.620582822,2.258978871,Urban with City and Town,Urban,24.625,0.5
Stoke-on-Trent,Staffordshire University,,,,TRUE,59,0.58,-7.031915252,-0.206821037,Suburban-Rural,1914,5103,7017,255833,0.748144297,1.994660579,2.742804877,Urban with City and Town,Urban,34.36,-2.1
Stratford-on-Avon,,,,,FALSE,,0,21.86515519,1.457677013,,1094,2344,3438,127580,0.857501176,1.83727857,2.694779746,Mainly Rural,Rural,11.41,8.3
Stroud,,,,,FALSE,,0,45.14058433,3.009372289,,952,1936,2888,119019,0.799872289,1.626631042,2.426503331,Urban with Significant Rural,Urban,10.893,6.3
Suffolk Coastal,,,,,FALSE,,0,0.186939189,0.012462613,,1069,1930,2999,129938,0.822700057,1.48532377,2.308023827,Largely Rural,Rural,13.073,9.6
Sunderland,University of Sunderland,,,,TRUE,85,0.48,26.32704147,0.731306708,City Centre,1177,3296,4473,277417,0.424271043,1.188103108,1.612374152,Urban with Major Conurbation,Urban,29.725,2.5
Surrey Heath,,,,,FALSE,,0,15.31580147,1.276316789,,837,1774,2611,88874,0.941782749,1.996084344,2.937867093,Urban with City and Town,Urban,7.731,3.7
Sutton,,,,,FALSE,,0,22.14129553,0.922553981,,1477,3251,4728,204525,0.722161105,1.589536731,2.311697836,Urban with Major Conurbation,Urban,14.579,-0.8
Swale,,,,,FALSE,,0,70.45974728,4.144691016,,862,1644,2506,148519,0.580397121,1.10692908,1.687326201,Largely Rural,Rural,25.724,1.6
Swindon,,,,,FALSE,,0,9.39470774,0.347952139,,1082,2729,3811,221996,0.487396169,1.229301429,1.716697598,Urban with City and Town,Urban,17.857,-0.2
Tameside,,,,,FALSE,,0,-16.18166767,-0.539388922,,1168,2390,3558,225197,0.518656998,1.061293001,1.579949999,Urban with Major Conurbation,Urban,29.38,0.6
Tamworth,,,,,FALSE,,0,-5.603579408,-0.560357941,,425,917,1342,76678,0.554265891,1.19591017,1.750176061,Urban with City and Town,Urban,20.251,1.4
Tandridge,,,,,FALSE,,0,8.788871377,0.798988307,,805,1447,2252,87496,0.920042059,1.653789888,2.573831947,Urban with Significant Rural,Urban,10.585,4.3
Taunton Deane,,,,,FALSE,,0,-13.76433896,-0.983167069,,1075,1866,2941,118979,0.903520789,1.568343993,2.471864783,Urban with Significant Rural,Urban,16.514,5.2
Teignbridge,,,,,FALSE,,0,-0.954014649,-0.050211297,,840,1901,2741,132844,0.632320617,1.431001777,2.063322393,Largely Rural,Rural,16.525,9.1
Telford and Wrekin,Harper Adams,,,,TRUE,32,0.68,-0.717669991,-0.031203043,Rural,1516,3722,5238,177799,0.852648215,2.093375103,2.946023318,Urban with City and Town,Urban,24.852,-0.5
Tendring,,,,,FALSE,,0,7.005038772,0.389168821,,850,1513,2363,145803,0.582978402,1.037701556,1.620679959,Largely Rural,Rural,28.445,10.5
Test Valley,,,,,FALSE,,0,10.97035875,0.73135725,,884,1978,2862,125169,0.706245157,1.580263484,2.28650864,Urban with Significant Rural,Urban,10.622,4.9
Tewkesbury,,,,,FALSE,,0,11.72331773,1.302590859,,768,1508,2276,92599,0.829382607,1.628527306,2.457909913,Largely Rural,Rural,12.08,5.1
Thanet,,,,,FALSE,,0,6.148360386,0.361668258,,814,1613,2427,141819,0.573971048,1.137365233,1.711336281,Urban with City and Town,Urban,31.619,4.8
Three Rivers,,,,,FALSE,,0,2.623036464,0.218586372,,871,1770,2641,93045,0.936106185,1.902305336,2.838411521,Urban with Major Conurbation,Urban,9.98,1.9
Thurrock,,,,,FALSE,,0,-12.32269815,-0.64856306,,1116,2003,3119,172525,0.646862774,1.160991161,1.807853934,Urban with Major Conurbation,Urban,21.603,-3
Tonbridge and Malling,,,,,FALSE,,0,22.72296977,1.747920752,,1214,1965,3179,130508,0.930211175,1.505654826,2.435866001,Urban with Significant Rural,Urban,11.344,2.5
Torbay,,,,,FALSE,,0,-11.30501728,-0.665001017,,863,1800,2663,135780,0.635586979,1.325673884,1.961260863,Urban with City and Town,Urban,28.788,8.4
Torridge,,,,,FALSE,,0,-9.040752147,-1.004528016,,569,921,1490,68143,0.835008732,1.351569494,2.186578225,Mainly Rural,Rural,23.201,9.9
Tower Hamlets,Queen Mary University,,,,TRUE,26,0.72,-50.21774105,-1.569304408,City Centre,1842,12222,14064,317705,0.579783132,3.846964952,4.426748084,Urban with Major Conurbation,Urban,35.657,-8.8
Trafford,,,,,FALSE,,0,-9.002240691,-0.321508596,,1689,3739,5428,236370,0.714557685,1.581842027,2.296399712,Urban with Major Conurbation,Urban,15.388,0.7
Tunbridge Wells,,,,,FALSE,,0,37.19162388,2.656544563,,1203,2128,3331,118054,1.019025192,1.802564928,2.82159012,Urban with Significant Rural,Urban,10.975,2.8
Uttlesford,,,,,FALSE,,0,2.660963521,0.295662613,,941,1521,2462,89179,1.055181153,1.705558483,2.760739636,Mainly Rural,Rural,9.668,4.1
Vale of White Horse,,,,,FALSE,,0,8.69219844,0.620871317,,1199,3045,4244,133732,0.896569258,2.276941944,3.173511202,Largely Rural,Rural,8.457,2.9
Wakefield,,,,,FALSE,,0,-50.92751771,-1.131722616,,1777,4024,5801,345038,0.515015737,1.166248355,1.681264093,Urban with City and Town,Urban,26.892,2.3
Walsall,,,,,FALSE,,0,-45.29447705,-1.161396847,,1691,3694,5385,283378,0.596729457,1.303559204,1.90028866,Urban with Major Conurbation,Urban,30.37,-1.5
Waltham Forest,,,,,FALSE,,0,-20.67598245,-0.738427945,,1804,5003,6807,276700,0.651969642,1.80809541,2.460065052,Urban with Major Conurbation,Urban,30.19,-5.3
Wandsworth,St. George's University,Roehampton University,,,TRUE,46,0.63,31.66772646,0.855884499,City Centre,2707,13457,16164,326474,0.829162506,4.121920888,4.951083394,Urban with Major Conurbation,Urban,18.295,-6.1
Warrington,,,,,FALSE,,0,2.995088311,0.119803532,,1293,3036,4329,209547,0.617045341,1.44883964,2.06588498,Urban with City and Town,Urban,19.312,2.1
Warwick,,,,,FALSE,,0,7.717290362,0.514486024,,1370,7706,9076,142484,0.961511468,5.408326549,6.369838017,Urban with City and Town,Urban,11.699,0.4
Watford,,,,,FALSE,,0,9.497372193,0.791447683,,722,2016,2738,96767,0.746122128,2.083354863,2.829476991,Urban with Major Conurbation,Urban,15.723,-3.4
Waveney,,,,,FALSE,,0,-2.354469139,-0.156964609,,643,1326,1969,118311,0.543482855,1.120774907,1.664257761,Urban with Significant Rural,Urban,25.135,7.8
Waverley,,,,,FALSE,,0,30.37851503,1.786971472,,1921,2907,4828,125610,1.529336836,2.314306186,3.843643022,Largely Rural,Rural,7.068,4.6
Wealden,,,,,FALSE,,0,34.75148848,1.654832785,,1249,2199,3448,160175,0.779772124,1.37287342,2.152645544,Mainly Rural,Rural,11.23,8.8
Wellingborough,,,,,FALSE,,0,-3.200243505,-0.320024351,,599,1128,1727,79478,0.753667682,1.419260676,2.172928358,Urban with Significant Rural,Urban,21.742,2
Welwyn Hatfield,University of Hertfordshire,,,,TRUE,63,0.58,-1.302632705,-0.081414544,Town Centre,2309,6765,9074,122746,1.881120362,5.511381226,7.392501589,Urban with City and Town,Urban,12.875,-4.5
West Berkshire,,,,,FALSE,,0,2.168911301,0.098586877,,1470,2549,4019,158527,0.927286834,1.607927987,2.535214821,Urban with Significant Rural,Urban,10.242,3.1
West Devon,,,,,FALSE,,0,-1.159334141,-0.165619163,,545,924,1469,55528,0.981486817,1.664025357,2.645512174,Mainly Rural,Rural,17.846,10.6
West Dorset,,,,,FALSE,,0,-4.255316592,-0.354609716,,1115,1696,2811,102754,1.085115908,1.650544018,2.735659926,Mainly Rural,Rural,14.24,12.1
West Lancashire,Edge Hill University,,,,TRUE,49,0.62,-4.873493079,-0.324899539,Suburban,2020,4070,6090,113949,1.772722885,3.571773337,5.344496222,Urban with Significant Rural,Urban,19.983,4.5
West Lindsey,,,,,FALSE,,0,21.48289865,1.952990786,,903,1588,2491,94869,0.951838851,1.67388715,2.625726001,Mainly Rural,Rural,19.235,7.8
West Oxfordshire,,,,,FALSE,,0,8.771221959,0.584748131,,875,1795,2670,109800,0.796903461,1.634790528,2.431693989,Mainly Rural,Rural,8.124,4.4
West Somerset,,,,,FALSE,,0,-0.374249709,-0.074849942,,281,580,861,34887,0.80545762,1.662510391,2.467968011,Mainly Rural,Rural,23.293,15.2
Westminster,London School of Economics,University of Westminster,,,TRUE,3,0.94,5.852231191,0.243842966,City Centre,2400,8296,10696,255324,0.93998214,3.249204932,4.189187072,Urban with Major Conurbation,Urban,27.686,-3.6
Weymouth and Portland,,,,,FALSE,,0,-4.66434312,-0.518260347,,459,941,1400,65865,0.696879982,1.428679876,2.125559857,Urban with City and Town,Urban,23.573,8.1
Wigan,,,,,FALSE,,0,-18.11997684,-0.452999421,,1422,3029,4451,326088,0.436078605,0.928890361,1.364968965,Urban with Major Conurbation,Urban,24.857,2.4
Wiltshire,,,,,FALSE,,0,85.25978591,1.375157837,,3727,7261,10988,498064,0.748297408,1.457844775,2.206142183,Largely Rural,Rural,13.466,4.5
Winchester,University of Winchester,,,,TRUE,82,0.49,18.40186211,1.314418722,City Centre,2731,5239,7970,124295,2.197192164,4.214972445,6.412164608,Largely Rural,Rural,8.785,3.2
Windsor and Maidenhead,,,,,FALSE,,0,9.192331957,0.510685109,,1445,2786,4231,150906,0.957549733,1.846182392,2.803732125,Urban with City and Town,Urban,8.857,2
Wirral,,,,,FALSE,,0,-74.44848752,-1.772583036,,1447,3553,5000,323235,0.447661918,1.099200272,1.54686219,Urban with Major Conurbation,Urban,26.892,4.4
Woking,,,,,FALSE,,0,9.624697334,0.802058111,,788,1921,2709,101167,0.778910119,1.898840531,2.67775065,Urban with Major Conurbation,Urban,9.875,0.7
Wokingham,,,,,FALSE,,0,-9.087502392,-0.45437512,,2057,4730,6787,167979,1.224557832,2.815828169,4.040386001,Urban with City and Town,Urban,5.652,1.7
Wolverhampton,University of Wolverhampton,,,,TRUE,97,0.41,-60.87084423,-1.844571037,City Centre,1873,4477,6350,262008,0.714863668,1.708726451,2.423590119,Urban with Major Conurbation,Urban,33.183,-2.2
Worcester,University of Worcester,,,,TRUE,81,0.49,11.84965835,0.846404168,City Centre,1457,3574,5031,101891,1.429959466,3.507669961,4.937629428,Urban with City and Town,Urban,19.902,-1.7
Worthing,,,,,FALSE,,0,14.02259072,1.078660824,,703,1578,2281,110025,0.638945694,1.434219496,2.07316519,Urban with City and Town,Urban,17.449,4.8
Wychavon,,,,,FALSE,,0,13.22052691,0.695817206,,875,1801,2676,127340,0.687136799,1.414323857,2.101460657,Mainly Rural,Rural,16.001,8
Wycombe,Buckinghamshire New University,,,,TRUE,100,0.41,-12.72016167,-0.553050508,Town Centre,1646,3808,5454,174641,0.94250491,2.180473085,3.122977995,Urban with Significant Rural,Urban,10.106,1.1
Wyre,,,,,FALSE,,0,6.364742945,0.454624496,,966,1593,2559,111223,0.868525395,1.432257716,2.300783111,Largely Rural,Rural,19.389,9.4
Wyre Forest,,,,,FALSE,,0,-7.862771657,-0.561626547,,542,1115,1657,101062,0.536304447,1.103283133,1.63958758,Urban with Significant Rural,Urban,22.066,6.4
York,University of York,York St. John University,,,TRUE,19,0.77,-5.05972085,-0.210821702,Suburban,5735,11184,16919,209893,2.732344576,5.328429247,8.060773823,Urban with City and Town,Urban,12.219,-2
